feature_id,d_abs,auc,spearman,boot_sign_agree,boot_rank_stability,is_candidate
NDW_2-gram_NDW,0.19902715379837718,0.5589276480261262,0.13596513979869254,1.0,0.0,False
NDW_3-gram_NDW,0.19913702723381896,0.5593134959127994,0.13667136187466655,1.0,0.0,False
NDW_4-gram_NDW,0.2007842895918716,0.5598882823538771,0.13759925455904248,1.0,0.0,False
NDW_5-gram_NDW,0.20118627972103306,0.56008339233003,0.1379492827251116,1.0,0.0,False
NDW_6-gram_NDW,0.20142603375061474,0.5601854518705761,0.13819665762536337,1.0,0.0,False
NDW_7-gram_NDW,0.20142178974148411,0.5602053033285525,0.13829855479391093,1.0,0.0,False
NDW_8-gram_NDW,0.20134906301677757,0.560204721002686,0.13833452097200127,1.0,0.0,False
NDW_C_NDW,0.20043582337377938,0.5596118531894007,0.13619603542322317,1.0,0.0,False
NDW_E_NDW,0.17541471550419246,0.5541684943688041,0.12976869620646092,1.0,0.0,False
NDW_F_NDW,0.1995701430775269,0.5602163136009533,0.14239697532972992,1.0,0.0,False
NDW_IC_NDW,0.03118475124197742,0.494587935802819,-0.04530196255222583,1.0,0.0,False
NDW_J_NDW,0.2085834459631894,0.5623645599386228,0.14556592715154884,1.0,0.0,False
NDW_MM_NDW,0.06696191735799349,0.5261241566689018,0.06762433346879988,1.0,0.0,False
NDW_M_NDW,0.0631636863512153,0.522541139504622,0.06111538501391228,1.0,0.0,False
NDW_NNB_NDW,0.182835770030572,0.5540386249167737,0.1215212277665853,1.0,0.0,False
NDW_NNG_NDW,0.21279352892103948,0.5614456866944368,0.13299247528143676,1.0,0.0,False
NDW_NNP_NDW,0.04133419753088829,0.5029657979621824,0.005038710724548621,1.0,0.0,False
NDW_NN_NDW,0.21800055207826471,0.5634994129169318,0.13820249697736633,1.0,0.0,False
NDW_NP_NDW,0.005763824336964473,0.5031465100083146,0.03193296998962892,1.0,0.0,False
NDW_NR_NDW,0.07134162383406645,0.5145747167591634,0.029090289175732476,1.0,0.0,False
NDW_N_NDW,0.21208594575877548,0.5617402018527551,0.13624613124602444,1.0,0.0,False
NDW_VA_NDW,0.13352796254734195,0.5410496169244773,0.09396370914978563,1.0,0.0,False
NDW_VV_NDW,0.18513577350997248,0.557237197630529,0.13407888542930685,1.0,0.0,False
NDW_V_NDW,0.18842803754524204,0.5573268018678202,0.1372828183380744,1.0,0.0,False
NDW_X_NDW,0.1539921465168031,0.5475576184023158,0.11389425549697521,1.0,0.0,False
NDW_morph_NDW,0.19362416252197562,0.5566199537797176,0.12999038684079545,1.0,0.0,False
adjacency_C_adjOverlap,0.15843706183767514,0.5471422148138968,0.10455943231009722,1.0,0.0,False
adjacency_C_adjOverlap3,0.15432409778385797,0.5466439194167859,0.10655972573036877,1.0,0.0,False
adjacency_C_adjOverlap3Ratio,0.051055124536516124,0.511911619963019,0.04251612501542758,1.0,0.0,False
adjacency_C_adjOverlap3Token,0.15490763347883668,0.5488514906939538,0.11898594528854914,1.0,0.0,False
adjacency_C_adjOverlap3TokenRatio,0.020748733598200706,0.5071206038546123,0.03006154298839635,1.0,0.0,False
adjacency_C_adjOverlapRatio,0.05145225489218512,0.5077082275593943,0.032991939336819126,1.0,0.0,False
adjacency_C_adjOverlapToken,0.17114541819827372,0.5534096374081022,0.12603447125796555,1.0,0.0,False
adjacency_C_adjOverlapTokenRatio,0.01606610253547223,0.5039507439412467,0.0176802704075689,1.0,0.0,False
adjacency_C_repRatio,0.0380146180959838,0.489133407870276,-0.047740833520823506,1.0,0.0,False
adjacency_NN_adjOverlap,0.1837233788247979,0.5552916700227878,0.12010834335515248,1.0,0.0,False
adjacency_NN_adjOverlap3,0.16441776875197806,0.5485640509090867,0.11184790695762202,1.0,0.0,False
adjacency_NN_adjOverlap3Ratio,0.0627751473113072,0.5173137568841214,0.0476180281644871,1.0,0.0,False
adjacency_NN_adjOverlap3Token,0.18097850648357822,0.553611120443013,0.1188049795081614,1.0,0.0,False
adjacency_NN_adjOverlap3TokenRatio,0.04112328221984219,0.5139628539894147,0.035390473120100005,1.0,0.0,False
adjacency_NN_adjOverlapRatio,0.08225067940970332,0.5214056931722434,0.05267930694943753,1.0,0.0,False
adjacency_NN_adjOverlapToken,0.20419045922822565,0.5606411119489327,0.12971952963675823,1.0,0.0,False
adjacency_NN_adjOverlapTokenRatio,0.046221349683759,0.5141601714987348,0.031274865320868456,1.0,0.0,False
adjacency_NN_repRatio,0.08494840695040386,0.5259857280068171,0.02831616796197452,1.0,0.0,False
adjacency_N_adjOverlap,0.17697775845890282,0.5530481681858455,0.11780036277195213,1.0,0.0,False
adjacency_N_adjOverlap3,0.15625071480900654,0.546324056553096,0.11001506154375552,1.0,0.0,False
adjacency_N_adjOverlap3Ratio,0.05200908096914523,0.5141655726465278,0.04572577232843469,1.0,0.0,False
adjacency_N_adjOverlap3Token,0.16631522838277382,0.5498649102003057,0.11601285016172122,1.0,0.0,False
adjacency_N_adjOverlap3TokenRatio,0.029887848659729977,0.5107298778176866,0.03440394490495743,1.0,0.0,False
adjacency_N_adjOverlapRatio,0.07466184261151375,0.5183532883186168,0.04970993092488169,1.0,0.0,False
adjacency_N_adjOverlapToken,0.19258535072452765,0.5574917413607575,0.12702006261632998,1.0,0.0,False
adjacency_N_adjOverlapTokenRatio,0.03913844348051015,0.5115182623785425,0.03001105693571067,1.0,0.0,False
adjacency_N_repRatio,0.05857626712204251,0.5178347599816548,0.012332718116423329,1.0,0.0,False
adjacency_V_repRatio,0.023515003586692024,0.4930848558108216,0.0006758141470012607,1.0,0.0,False
adjacency_adjacent_sentence_overlap_adjective_lemmas,0.11606631755890932,0.5353733052182922,0.0842191602438103,1.0,0.0,False
adjacency_adjacent_sentence_overlap_adjective_lemmas_normed,0.12031684273562174,0.5354299896773991,0.08556248572711657,1.0,0.0,False
adjacency_adjacent_sentence_overlap_adverb_lemmas,0.019708384719221674,0.5082523611330798,0.03393122351361089,1.0,0.0,False
adjacency_adjacent_sentence_overlap_adverb_lemmas_normed,0.04657793220653769,0.5135260214458024,0.04377855409127539,1.0,0.0,False
adjacency_adjacent_sentence_overlap_all_lemmas,0.21199960246134242,0.5632129074322805,0.14809243781226555,1.0,0.0,False
adjacency_adjacent_sentence_overlap_all_lemmas_normed,0.12771826510427167,0.5394420801175546,0.0812540769485078,1.0,0.0,False
adjacency_adjacent_sentence_overlap_content_lemmas,0.21996533837260937,0.5645249290234947,0.14752046128959467,1.0,1.0,False
adjacency_adjacent_sentence_overlap_content_lemmas_normed,0.13073196779839344,0.5401018447938678,0.08301055879220784,1.0,0.0,False
adjacency_adjacent_sentence_overlap_function_lemmas,0.20130643867544443,0.5608393612803972,0.14571106348772225,1.0,0.0,False
adjacency_adjacent_sentence_overlap_function_lemmas_normed,0.1326499913396672,0.5406333658290023,0.0847141671285996,1.0,0.0,False
adjacency_adjacent_sentence_overlap_noun_lemmas,0.2241882933705979,0.564881482766202,0.14681586690720075,1.0,1.0,False
adjacency_adjacent_sentence_overlap_noun_lemmas_normed,0.14215029811944882,0.542838127366746,0.08972079038695197,1.0,0.0,False
adjacency_adjacent_sentence_overlap_verb_lemmas,0.19485521390592797,0.5592249923280505,0.1421743473892811,1.0,0.0,False
adjacency_adjacent_sentence_overlap_verb_lemmas_normed,0.14539587550204505,0.5436487716083628,0.09243517254509209,1.0,0.0,False
adjacency_adjacent_two_sentence_overlap_adjective_lemmas,0.09472076881250924,0.528596199647205,0.07027534693612654,1.0,0.0,False
adjacency_adjacent_two_sentence_overlap_adjective_lemmas_normed,0.09575239341498688,0.528142334428071,0.07057303800408818,1.0,0.0,False
adjacency_adjacent_two_sentence_overlap_adverb_lemmas,0.009571249211750205,0.5056603780787247,0.029847133923854918,1.0,0.0,False
adjacency_adjacent_two_sentence_overlap_adverb_lemmas_normed,0.027274754164987196,0.5080011804409934,0.03406376216705218,1.0,0.0,False
adjacency_adjacent_two_sentence_overlap_all_lemmas,0.21406048500784516,0.5637254533396445,0.1488688079107139,1.0,1.0,False
adjacency_adjacent_two_sentence_overlap_all_lemmas_normed,0.1299375061914194,0.540001115009734,0.08270618454926723,1.0,0.0,False
adjacency_adjacent_two_sentence_overlap_content_lemmas,0.22094842247811133,0.5648652751378979,0.14800020026064578,1.0,1.0,False
adjacency_adjacent_two_sentence_overlap_content_lemmas_normed,0.13439592310885284,0.5409570553199928,0.08526433580762423,1.0,0.0,False
adjacency_adjacent_two_sentence_overlap_function_lemmas,0.19964251706851222,0.5603712236488095,0.14460252815026636,1.0,0.0,False
adjacency_adjacent_two_sentence_overlap_function_lemmas_normed,0.13585086364241078,0.5414821292859919,0.0870700526671634,1.0,0.0,False
adjacency_adjacent_two_sentence_overlap_noun_lemmas,0.22371166823255978,0.5645898580966134,0.1456210548648092,1.0,0.0,False
adjacency_adjacent_two_sentence_overlap_noun_lemmas_normed,0.14804984822705888,0.5441471483565037,0.09350322426778214,1.0,0.0,False
adjacency_adjacent_two_sentence_overlap_verb_lemmas,0.19045466172896416,0.5582767193523784,0.13959234053625214,1.0,0.0,False
adjacency_adjacent_two_sentence_overlap_verb_lemmas_normed,0.15502379990019635,0.5459512920531986,0.09897115071996684,1.0,0.0,False
adjacency_binary_adjacent_sentence_overlap_adjective_lemmas,0.06039791562076587,0.5207445955905908,0.05066288196301673,1.0,0.0,False
adjacency_binary_adjacent_sentence_overlap_adverb_lemmas,0.044107520668465974,0.49113186788901847,-0.017588681435798826,1.0,0.0,False
adjacency_binary_adjacent_sentence_overlap_all_lemmas,0.14319244879940735,0.5433526147477321,0.09245979444562163,1.0,0.0,False
adjacency_binary_adjacent_sentence_overlap_content_lemmas,0.16043772045027027,0.547731595204746,0.10562074755967209,1.0,0.0,False
adjacency_binary_adjacent_sentence_overlap_function_lemmas,0.15303675535050137,0.5458846749462053,0.10013279386974051,1.0,0.0,False
adjacency_binary_adjacent_sentence_overlap_noun_lemmas,0.1822607464521864,0.5548251875717741,0.12083719267762695,1.0,0.0,False
adjacency_binary_adjacent_sentence_overlap_verb_lemmas,0.1480065741163817,0.5443509858779586,0.10614214394309826,1.0,0.0,False
adjacency_binary_adjacent_two_sentence_overlap_adjective_lemmas,0.023786071159171248,0.5104364642025071,0.028132958846198434,1.0,0.0,False
adjacency_binary_adjacent_two_sentence_overlap_adverb_lemmas,0.04152003231620951,0.49539300199227737,-0.017218972568693633,1.0,0.0,False
adjacency_binary_adjacent_two_sentence_overlap_all_lemmas,0.15393748839252827,0.54614139376611,0.10120697585990052,1.0,0.0,False
adjacency_binary_adjacent_two_sentence_overlap_content_lemmas,0.16728394053551007,0.5504853494757806,0.1155599338421966,1.0,0.0,False
adjacency_binary_adjacent_two_sentence_overlap_function_lemmas,0.16577109283100847,0.5495522719338655,0.11145745399412517,1.0,0.0,False
adjacency_binary_adjacent_two_sentence_overlap_noun_lemmas,0.16878018221513716,0.5506495580944775,0.11808197517368865,1.0,0.0,False
adjacency_binary_adjacent_two_sentence_overlap_verb_lemmas,0.14017819797267236,0.5422788499859189,0.10504773699167459,1.0,0.0,False
adjacency_morph_adjOverlap,0.14319244879940735,0.5433526147477321,0.09245979444562163,1.0,0.0,False
adjacency_morph_adjOverlap3,0.14413852924369489,0.5434023624670802,0.09332546659033014,1.0,0.0,False
adjacency_morph_adjOverlap3Ratio,0.08485270664757082,0.5130594671442981,0.05720767430291908,1.0,0.0,False
adjacency_morph_adjOverlap3TokenRatio,0.08876903824620183,0.5262100273008156,0.07077400579646743,1.0,0.0,False
adjacency_morph_adjOverlapRatio,0.07833987034964082,0.5131974931329639,0.050610937402112394,1.0,0.0,False
adjacency_morph_adjOverlapToken,0.20319508888217497,0.5622472222072818,0.14559920866581952,1.0,0.0,False
adjacency_morph_adjOverlapTokenRatio,0.06596563099530586,0.5181295620347458,0.04864635781599942,1.0,0.0,False
adjacency_morphe_adjOverlap3Token,0.19777003761980316,0.5607227617876226,0.14241634066213868,1.0,0.0,False
basic_count_C_Cnt,0.20043582337377938,0.5596118531894007,0.13619603542322317,1.0,0.0,False
basic_count_E_Cnt,0.17541471550419246,0.5541684943688041,0.12976869620646092,1.0,0.0,False
basic_count_F_Cnt,0.1995701430775269,0.5602163136009533,0.14239697532972992,1.0,0.0,False
basic_count_IC_Cnt,0.03118475124197742,0.494587935802819,-0.04530196255222583,1.0,0.0,False
basic_count_J_Cnt,0.2085834459631894,0.5623645599386228,0.14556592715154884,1.0,0.0,False
basic_count_MA_Cnt,0.0464563178944621,0.5170088126916622,0.046674182742159814,1.0,0.0,False
basic_count_MM_Cnt,0.06696191735799349,0.5261241566689018,0.06762433346879988,1.0,0.0,False
basic_count_M_Cnt,0.0631636863512153,0.522541139504622,0.06111538501391228,1.0,0.0,False
basic_count_NNB_Cnt,0.182835770030572,0.5540386249167737,0.1215212277665853,1.0,0.0,False
basic_count_NNG_Cnt,0.21279352892103948,0.5614456866944368,0.13299247528143676,1.0,0.0,False
basic_count_NNP_Cnt,0.04133419753088829,0.5029657979621824,0.005038710724548621,1.0,0.0,False
basic_count_NN_Cnt,0.21800055207826471,0.5634994129169318,0.13820249697736633,1.0,0.0,False
basic_count_NPP_Cnt,0.011181783181199983,0.49665134434825203,0.018955070734854723,1.0,0.0,False
basic_count_NPT_Cnt,0.10542498111311308,0.5291000251712668,0.06925510130049103,1.0,0.0,False
basic_count_NP_Cnt,0.005763824336964473,0.5031465100083146,0.03193296998962892,1.0,0.0,False
basic_count_NR_Cnt,0.07134162383406645,0.5145747167591634,0.029090289175732476,1.0,0.0,False
basic_count_N_Cnt,0.21208594575877548,0.5617402018527551,0.13624613124602444,1.0,0.0,False
basic_count_VA_Cnt,0.13352796254734195,0.5410496169244773,0.09396370914978563,1.0,0.0,False
basic_count_VCN_Cnt,0.07839465073476369,0.5242321414151931,0.06661765366617779,1.0,0.0,False
basic_count_VCP_Cnt,0.1456090936443759,0.5434823679615227,0.10883540529118595,1.0,0.0,False
basic_count_VV_Cnt,0.18513577350997248,0.557237197630529,0.13407888542930685,1.0,0.0,False
basic_count_VX_Cnt,0.0983776146271749,0.5309258863578932,0.0867381928461397,1.0,0.0,False
basic_count_V_Cnt,0.18842803754524204,0.5573268018678202,0.1372828183380744,1.0,0.0,False
basic_count_X_Cnt,0.1539921465168031,0.5475576184023158,0.11389425549697521,1.0,0.0,False
basic_count_char_Cnt,0.21003379293701888,0.5624087797314019,0.14419631800035307,1.0,0.0,False
basic_count_morph_Cnt,0.20142302908807255,0.5602098417730037,0.13839112296512382,1.0,0.0,False
basic_count_para_Cnt,,0.5,,0.0,0.0,False
basic_count_sentence_Cnt,0.12636062154358876,0.5395330693677909,0.07988225887768531,1.0,0.0,False
basic_count_word_Cnt,0.23743694098006188,0.5703261592388753,0.15753214111705133,1.0,1.0,False
basic_density_C_Den,0.01415774534838034,0.49434289523497965,-0.022088743454189264,1.0,0.0,False
basic_density_EF_Den,0.09331303327490027,0.47270241049386463,-0.05545452149572182,1.0,0.0,False
basic_density_E_Den,0.052252953598570136,0.483272883594871,-0.016461516304819918,1.0,0.0,False
basic_density_F_Den,0.04684605714748441,0.5121201593130187,0.055864854802496214,1.0,0.0,False
basic_density_INC_Den,0.044120429666467814,0.4944851768550155,-0.04613961864127879,1.0,0.0,False
basic_density_IT_Den,0.04546540412915833,0.4944856020453306,-0.046141802768543475,1.0,0.0,False
basic_density_JF_Den,0.051256012725236395,0.5162336799632675,0.028150961379709034,1.0,0.0,False
basic_density_J_Den,0.0719238161545735,0.5209954248166406,0.05440766500377932,1.0,0.0,False
basic_density_MAC_Den,0.1288926367129925,0.4648345795230119,-0.0756825734292101,1.0,0.0,False
basic_density_MA_Den,0.12848900956506065,0.4653716272425277,-0.07539918651583266,1.0,0.0,False
basic_density_MC_Den,0.1265892427280874,0.4641885937312208,-0.07269846439029315,1.0,0.0,False
basic_density_MMC_Den,0.015990737597890638,0.5011950559215232,0.012558078280104145,1.0,0.0,False
basic_density_MM_Den,0.016642769385252172,0.5011976656041098,0.011813227790303872,1.0,0.0,False
basic_density_M_Den,0.1254071126776978,0.46495646125118645,-0.07239897099557221,1.0,0.0,False
basic_density_NC_Den,0.08266186270827619,0.5243258712309775,0.03206338805932946,1.0,0.0,False
basic_density_NMC_Den,0.02538817431581489,0.5113533578499302,0.021017296949527052,1.0,0.0,False
basic_density_NM_Den,0.024452446483596395,0.5113044809907639,0.020890021739057837,1.0,0.0,False
basic_density_NNBC_Den,0.050850179033501794,0.5160011532393783,0.03387690200153719,1.0,0.0,False
basic_density_NNB_Den,0.04766069777235005,0.5151462896241633,0.0309356210252625,1.0,0.0,False
basic_density_NNC_Den,0.10542536630043224,0.5314099008288574,0.044782389255672336,1.0,0.0,False
basic_density_NNGC_Den,0.012739846702276177,0.49783216871857355,-0.008991811828932132,1.0,0.0,False
basic_density_NNG_Den,0.08464825194802465,0.5235238729449504,0.029955148300231403,1.0,0.0,False
basic_density_NNPC_Den,0.012739846702276177,0.49783216871857355,-0.008991811828932132,1.0,0.0,False
basic_density_NNP_Den,0.015002629616153078,0.4977047410297662,-0.009257532282712555,1.0,0.0,False
basic_density_NN_Den,0.09503829294725849,0.5274627867273971,0.03555488555687392,1.0,0.0,False
basic_density_NPC_Den,0.09887368582773697,0.470783836250903,-0.043595586471292525,1.0,0.0,False
basic_density_NP_Den,0.10035340520363298,0.4703751004928067,-0.04472089637760906,1.0,0.0,False
basic_density_N_Den,0.07207736748874946,0.5203247194458732,0.022510986702413274,1.0,0.0,False
basic_density_VAC_Den,0.03129610257652953,0.4927297770982292,-0.01840613789031331,1.0,0.0,False
basic_density_VA_Den,0.03246537750351998,0.49238318074793463,-0.020438016997840175,1.0,0.0,False
basic_density_VC_Den,0.008490228801471655,0.49816863444744536,0.017366031757113952,1.0,0.0,False
basic_density_VVC_Den,0.019981602583686017,0.5035245473337634,0.019578092327918607,1.0,0.0,False
basic_density_VV_Den,0.017395059021479923,0.501667246712527,0.014422147003029502,1.0,0.0,False
basic_density_V_Den,0.013703420161085214,0.4956494958302756,0.009713379105137815,1.0,0.0,False
basic_density_XF_Den,0.07999262506413843,0.5257823498718316,0.06267754552702941,1.0,0.0,False
basic_density_X_Den,0.07884046595519367,0.5261443932630332,0.0661646337390604,1.0,0.0,False
basic_level_morph_LenAvg,0.059475823699366624,0.5169192146165493,0.03946776083155252,1.0,0.0,False
basic_level_morph_LenStd,0.02400445012465097,0.5098497662735,0.02673454779510377,1.0,0.0,False
basic_level_word_LenAvg,0.12051849750887622,0.4622316460623137,-0.06803038846387024,1.0,0.0,False
basic_level_word_LenStd,0.12803438195761105,0.4467919782017619,-0.10693308535611216,1.0,0.0,False
readability_text_dalechall,0.05390980641214517,0.5440247166950767,0.1119040748121697,1.0,0.0,False
readability_text_flesch,0.04145017374847293,0.459387948585642,-0.10071438871299454,1.0,0.0,False
readability_text_fleschkincaid,0.009283466912690603,0.5346983735644713,0.09362160748590855,1.0,0.0,False
readability_text_oridx,0.20104166131826007,0.5596328954883685,0.13624262998886538,1.0,0.0,False
sentenceLvlRep_morph_paraNgram2Std_N2,,0.5,,0.0,0.0,False
sentenceLvlRep_morph_paraNgram2Std_N3,,0.5,,0.0,0.0,False
sentenceLvlRep_morph_paraNgram2Std_N4,,0.5,,0.0,0.0,False
sentenceLvlRep_morph_paraNgram2Std_N5,,0.5,,0.0,0.0,False
sentenceLvlRep_morph_paraNgram2Std_N6,,0.5,,0.0,0.0,False
sentenceLvlRep_morph_paraNgram2Std_N7,,0.5,,0.0,0.0,False
sentenceLvlRep_morph_paraNgram2Std_N8,,0.5,,0.0,0.0,False
sentenceLvlRep_morph_paraNgram2_N2,0.17974581368414652,0.5556546685477579,0.1320320106255798,1.0,0.0,False
sentenceLvlRep_morph_paraNgram2_N3,0.139609358696109,0.5475577169971714,0.11395635528322537,1.0,0.0,False
sentenceLvlRep_morph_paraNgram2_N4,0.09138595956228142,0.5354266228984383,0.08773665390489337,1.0,0.0,False
sentenceLvlRep_morph_paraNgram2_N5,0.057938337952499565,0.5257055660468699,0.06704555735985686,1.0,0.0,False
sentenceLvlRep_morph_paraNgram2_N6,0.03461887505903184,0.5162256768339654,0.04737003591649987,1.0,0.0,False
sentenceLvlRep_morph_paraNgram2_N7,0.023548400979118173,0.5084580274797666,0.03334045888537654,1.0,0.0,False
sentenceLvlRep_morph_paraNgram2_N8,0.019719059673711674,0.503400283923606,0.021341864878637592,1.0,0.0,False
sentenceLvlRep_morph_paraNgram3Std_N2,,0.5,,0.0,0.0,False
sentenceLvlRep_morph_paraNgram3Std_N3,,0.5,,0.0,0.0,False
sentenceLvlRep_morph_paraNgram3Std_N4,,0.5,,0.0,0.0,False
sentenceLvlRep_morph_paraNgram3Std_N5,,0.5,,0.0,0.0,False
sentenceLvlRep_morph_paraNgram3Std_N6,,0.5,,0.0,0.0,False
sentenceLvlRep_morph_paraNgram3Std_N7,,0.5,,0.0,0.0,False
sentenceLvlRep_morph_paraNgram3Std_N8,,0.5,,0.0,0.0,False
sentenceLvlRep_morph_paraNgram3_N2,0.1561601944166103,0.5485170572674417,0.11503092327723781,1.0,0.0,False
sentenceLvlRep_morph_paraNgram3_N3,0.12018316533346016,0.5410847228552833,0.09274354458997028,1.0,0.0,False
sentenceLvlRep_morph_paraNgram3_N4,0.06464202381420579,0.5259086005845491,0.059290144974918406,1.0,0.0,False
sentenceLvlRep_morph_paraNgram3_N5,0.033689517867524235,0.5149326345718721,0.03878781686542803,1.0,0.0,False
sentenceLvlRep_morph_paraNgram3_N6,0.014696261811051152,0.504299371953234,0.017553754956529104,1.0,0.0,False
sentenceLvlRep_morph_paraNgram3_N7,0.011711796749964531,0.5017977693554766,0.01009241583803699,1.0,0.0,False
sentenceLvlRep_morph_paraNgram3_N8,0.008475689493525125,0.5022956456469335,0.011026917971444736,1.0,0.0,False
sentenceLvlRep_morph_sentNgram2Std_N2,0.01933953327009172,0.5286614767936795,0.08203900056403489,1.0,0.0,False
sentenceLvlRep_morph_sentNgram2Std_N3,0.025596307191525686,0.5224125918398757,0.06194436493379658,1.0,0.0,False
sentenceLvlRep_morph_sentNgram2Std_N4,0.011425504219744642,0.49946464996065576,0.000402380158545963,0.0,0.0,False
sentenceLvlRep_morph_sentNgram2Std_N5,0.013449289418482587,0.4999124400654197,-0.004749952034360917,1.0,0.0,False
sentenceLvlRep_morph_sentNgram2Std_N6,0.02298075987334317,0.5089755873098365,0.017233104704247697,1.0,0.0,False
sentenceLvlRep_morph_sentNgram2Std_N7,0.029734035054594054,0.5144260819331139,0.03711857595261627,1.0,0.0,False
sentenceLvlRep_morph_sentNgram2Std_N8,0.03247944769321767,0.5185016189152062,0.05183308127513405,1.0,0.0,False
sentenceLvlRep_morph_sentNgram2_N2,0.0018756198028434495,0.5234237914636969,0.07228244425850106,1.0,0.0,False
sentenceLvlRep_morph_sentNgram2_N3,0.011924813317200574,0.5196917990130063,0.06061099501523413,1.0,0.0,False
sentenceLvlRep_morph_sentNgram2_N4,0.013538727306477547,0.5141382357924567,0.046035321581893995,1.0,0.0,False
sentenceLvlRep_morph_sentNgram2_N5,0.014616255293434023,0.5121546983234044,0.039765389143725384,1.0,0.0,False
sentenceLvlRep_morph_sentNgram2_N6,0.011846854576872075,0.5100107747539393,0.03518497979125054,1.0,0.0,False
sentenceLvlRep_morph_sentNgram2_N7,0.013146394038922508,0.5066139370286488,0.02951020312526642,1.0,0.0,False
sentenceLvlRep_morph_sentNgram2_N8,0.014451733166283962,0.5027696034426169,0.019968439515171313,1.0,0.0,False
sentenceLvlRep_morph_sentNgram3Std_N2,0.023225938999489288,0.5335364824875324,0.07315954715034367,1.0,0.0,False
sentenceLvlRep_morph_sentNgram3Std_N3,0.012399396543951622,0.4922447689759849,-0.009553557100270385,1.0,0.0,False
sentenceLvlRep_morph_sentNgram3Std_N4,0.007878154534670974,0.5056036447856089,0.024660946367892556,1.0,0.0,False
sentenceLvlRep_morph_sentNgram3Std_N5,0.029325205136176688,0.5165075317965945,0.051177543116090095,1.0,0.0,False
sentenceLvlRep_morph_sentNgram3Std_N6,0.036797983518881555,0.5200806324751538,0.06190140925462945,1.0,0.0,False
sentenceLvlRep_morph_sentNgram3Std_N7,0.038481495842264665,0.5206869969998571,0.0646086023232285,1.0,0.0,False
sentenceLvlRep_morph_sentNgram3Std_N8,0.041393757181884004,0.5216185812777046,0.06641987604747683,1.0,0.0,False
sentenceLvlRep_morph_sentNgram3_N2,0.017506901975562802,0.524244753853999,0.07024827784067267,1.0,0.0,False
sentenceLvlRep_morph_sentNgram3_N3,0.03240665064021138,0.5249253818726654,0.06217027049780153,1.0,0.0,False
sentenceLvlRep_morph_sentNgram3_N4,0.018260143167142882,0.5198370939383192,0.04770849924448173,1.0,0.0,False
sentenceLvlRep_morph_sentNgram3_N5,0.010243020110801913,0.5132387241130579,0.03580494491349604,1.0,0.0,False
sentenceLvlRep_morph_sentNgram3_N6,0.006128781386754635,0.5041161719275403,0.017241408071008244,1.0,0.0,False
sentenceLvlRep_morph_sentNgram3_N7,0.007892769612530447,0.5017613262319403,0.009980326209915303,1.0,0.0,False
sentenceLvlRep_morph_sentNgram3_N8,0.009464214194289085,0.5022927679095829,0.01102729571750635,1.0,0.0,False
sentenceLvlRep_morph_sentNgramOverlap2Avg_N2,0.0055510705770159055,0.503748405156077,0.011745052477241157,1.0,0.0,False
sentenceLvlRep_morph_sentNgramOverlap2Avg_N3,0.0005264542274649336,0.5046331069950557,0.011834053086863172,1.0,0.0,False
sentenceLvlRep_morph_sentNgramOverlap2Avg_N4,0.0043457064267704865,0.5039525164550371,0.012287364376880258,1.0,0.0,False
sentenceLvlRep_morph_sentNgramOverlap2Avg_N5,0.0005415903247645722,0.5066143941242329,0.0193191168153374,1.0,0.0,False
sentenceLvlRep_morph_sentNgramOverlap2Avg_N6,0.007614109441198553,0.5059272720351632,0.019735114811336368,1.0,0.0,False
sentenceLvlRep_morph_sentNgramOverlap2Avg_N7,0.012722546139034343,0.5032394480806947,0.01506312977692022,1.0,0.0,False
sentenceLvlRep_morph_sentNgramOverlap2Avg_N8,0.017792899371517165,0.501861169204351,0.010419884765118235,1.0,0.0,False
sentenceLvlRep_morph_sentNgramOverlap2_N2,0.05317085589390549,0.5188221956561048,0.05537559971109064,1.0,0.0,False
sentenceLvlRep_morph_sentNgramOverlap2_N3,0.034537399536837765,0.5138489146353635,0.038618345793654016,1.0,0.0,False
sentenceLvlRep_morph_sentNgramOverlap2_N4,0.01951480622344988,0.5091446004578855,0.027625526080681986,1.0,0.0,False
sentenceLvlRep_morph_sentNgramOverlap2_N5,0.018440857152776668,0.5092995444458084,0.02692637752607661,1.0,0.0,False
sentenceLvlRep_morph_sentNgramOverlap2_N6,0.0193017134776476,0.5066640917814085,0.022375587999940702,1.0,0.0,False
sentenceLvlRep_morph_sentNgramOverlap2_N7,0.02006074001253678,0.5036015227423485,0.01634787192473965,1.0,0.0,False
sentenceLvlRep_morph_sentNgramOverlap2_N8,0.0209148240179822,0.5019703297712002,0.01097713521321632,1.0,0.0,False
sentenceLvlRep_morph_sentNgramOverlap3Avg_N2,0.006908960330955815,0.5103553737869689,0.02329343178113899,1.0,0.0,False
sentenceLvlRep_morph_sentNgramOverlap3Avg_N3,0.012387821716534157,0.5107291144816658,0.025279430442158128,1.0,0.0,False
sentenceLvlRep_morph_sentNgramOverlap3Avg_N4,0.017201514306911046,0.5048626432618929,0.014649013903669536,1.0,0.0,False
sentenceLvlRep_morph_sentNgramOverlap3Avg_N5,0.015950282114617985,0.5004042662334989,0.0032210122732371092,1.0,0.0,False
sentenceLvlRep_morph_sentNgramOverlap3Avg_N6,0.004774097855304478,0.5000427705232513,0.0019822774171392604,0.0,0.0,False
sentenceLvlRep_morph_sentNgramOverlap3Avg_N7,0.00454701320163126,0.5001158674541689,0.0014615135478379586,0.0,0.0,False
sentenceLvlRep_morph_sentNgramOverlap3Avg_N8,0.013304021593875693,0.5001577829778608,0.002561968138122935,1.0,0.0,False
sentenceLvlRep_morph_sentNgramOverlap3_N2,0.04621488318647272,0.5199554321127947,0.051115511706346935,1.0,0.0,False
sentenceLvlRep_morph_sentNgramOverlap3_N3,0.011649061093679608,0.5131464242344338,0.032960315596367355,1.0,0.0,False
sentenceLvlRep_morph_sentNgramOverlap3_N4,0.0018987602091330381,0.5053504750345944,0.01639992016088004,1.0,0.0,False
sentenceLvlRep_morph_sentNgramOverlap3_N5,0.0007516677148250954,0.5005115109934042,0.003720462335602223,1.0,0.0,False
sentenceLvlRep_morph_sentNgramOverlap3_N6,0.009206191406648408,0.5000528819598165,0.0020460675224639167,0.0,0.0,False
sentenceLvlRep_morph_sentNgramOverlap3_N7,0.01418809573476609,0.500118110050056,0.0014814656240533057,0.0,0.0,False
sentenceLvlRep_morph_sentNgramOverlap3_N8,0.01787429836237111,0.5001580073954901,0.002566963626984338,1.0,0.0,False
sentenceLvl_MA_sentLen,0.07610710529627365,0.4840489375689486,-0.02012041725457953,1.0,0.0,False
sentenceLvl_MM_sentLen,0.015217072410548997,0.5076169563605365,0.0313848230188472,1.0,0.0,False
sentenceLvl_M_sentLen,0.0651765642486551,0.4870182140808834,-0.009034768426696909,1.0,0.0,False
sentenceLvl_V_paraLenAvg,0.18842803754524204,0.5573268018678202,0.1372828183380744,1.0,0.0,False
sentenceLvl_V_paraLenStd,,0.5,,0.0,0.0,False
sentenceLvl_V_sentLenAvg,0.014724823167568898,0.5208910282699057,0.07168287067557814,1.0,0.0,False
sentenceLvl_V_sentLenStd,0.007391997172325257,0.5228148033915053,0.07401853991721055,1.0,0.0,False
sentenceLvl_char_paraLenAvg,0.2175272339408969,0.5646599606389617,0.14770542040197093,1.0,1.0,False
sentenceLvl_char_paraLenStd,,0.5,,0.0,0.0,False
sentenceLvl_char_sentLenAvg,0.0003459461413483912,0.5307560890703955,0.08657481924875177,1.0,0.0,False
sentenceLvl_char_sentLenStd,0.007248621197300361,0.5152123373936667,0.04399953514453939,1.0,0.0,False
sentenceLvl_morph_paraLenAvg,0.20142302908807255,0.5602098417730037,0.13839112296512382,1.0,0.0,False
sentenceLvl_morph_paraLenStd,,0.5,,0.0,0.0,False
sentenceLvl_morph_sentLenAvg,0.010583927916388585,0.5255668785174331,0.0759874396821114,1.0,0.0,False
sentenceLvl_morph_sentLenStd,0.01712308031362414,0.5107967159433896,0.035528556340557675,1.0,0.0,False
sentenceLvl_word_paraLenAvg,0.24122766663431416,0.5713468748068158,0.16061737647956048,1.0,1.0,False
sentenceLvl_word_paraLenStd,,0.5,,0.0,0.0,False
sentenceLvl_word_sentLenAvg,0.01803952226248703,0.5392042678484048,0.10351920817945795,1.0,0.0,False
sentenceLvl_word_sentLenStd,0.011946383587369535,0.5228620611382756,0.06008617153432588,1.0,0.0,False
similarity_avgSentSimilarity,0.030853665960514816,0.5081826520478102,0.002856632059854864,0.0,0.0,False
similarity_topicConsistency,0.027045495347292555,0.5070918925376215,-0.0026176328846989677,1.0,0.0,False
ttr_2-gram_CTTR,0.19411830633995789,0.5560437099834291,0.13018174010988487,1.0,0.0,False
ttr_2-gram_RTTR,0.19411830566820357,0.556043694577983,0.1301817078716531,1.0,0.0,False
ttr_2-gram_TTR,0.06398786520885462,0.47890720506063733,-0.05582127508793802,1.0,0.0,False
ttr_3-gram_CTTR,0.20124392136986063,0.5580132254153481,0.13457421168850217,1.0,0.0,False
ttr_3-gram_RTTR,0.2012439221900443,0.5580132377397051,0.134574223310486,1.0,0.0,False
ttr_3-gram_TTR,0.03961369804520597,0.48428376586650035,-0.04281166141856294,1.0,0.0,False
ttr_4-gram_CTTR,0.206267764009873,0.5594070608903096,0.13728388898197766,1.0,0.0,False
ttr_4-gram_RTTR,0.20626776408602263,0.5594070115928818,0.13728384701856608,1.0,0.0,False
ttr_4-gram_TTR,0.019052882786619364,0.4885943899576407,-0.03518435125274227,1.0,0.0,False
ttr_5-gram_CTTR,0.20794998357249733,0.5598280778701185,0.13837719401640497,1.0,0.0,False
ttr_5-gram_RTTR,0.20794998556868885,0.5598280763295738,0.13837719292920123,1.0,0.0,False
ttr_5-gram_TTR,0.005430763046224898,0.49247373396071215,-0.0264370127789775,1.0,0.0,False
ttr_6-gram_CTTR,0.20863505280869377,0.5599949404201147,0.1388847684692584,1.0,0.0,False
ttr_6-gram_RTTR,0.2086350548521936,0.5599949404201147,0.1388847684692584,1.0,0.0,False
ttr_6-gram_TTR,0.014939813576229467,0.5165463365750336,0.03375775397806411,1.0,0.0,False
ttr_7-gram_CTTR,0.2090891858899831,0.560109914346212,0.13924606270096557,1.0,0.0,False
ttr_7-gram_RTTR,0.20908918606851887,0.560109914346212,0.13924606270096557,1.0,0.0,False
ttr_7-gram_TTR,0.04435876435547737,0.5404500338771925,0.09116305965211331,1.0,0.0,False
ttr_8-gram_CTTR,0.2091720822127161,0.5601293806680334,0.13935436689610792,1.0,0.0,False
ttr_8-gram_RTTR,0.2091720839272767,0.5601293806680334,0.13935436689610792,1.0,0.0,False
ttr_8-gram_TTR,0.07424783200962909,0.5499998591942217,0.11717728519030852,1.0,0.0,False
ttr_C_CTTR,0.1686658399575676,0.5483626084259953,0.10924713003366683,1.0,0.0,False
ttr_C_HDD,0.10850782499186055,0.5318517906477258,0.07057334337746371,1.0,0.0,False
ttr_C_MATTR,0.09506672052036011,0.5268826391910411,0.06236442919297678,1.0,0.0,False
ttr_C_MSTTR,0.09716436493715956,0.5277702932984978,0.0629335258102497,1.0,0.0,False
ttr_C_MTLD,0.09448725769771295,0.5297808596229122,0.06872026173457874,1.0,0.0,False
ttr_C_RTTR,0.1686658408518555,0.5483626084259953,0.10924713003366683,1.0,0.0,False
ttr_C_TTR,0.06299527671519493,0.48224035050914876,-0.0489105243108608,1.0,0.0,False
ttr_C_VOCDD,0.10242220464580477,0.5319770369253509,0.0709872262496515,1.0,0.0,False
ttr_E_CTTR,0.011391134517614058,0.49367508146646444,-0.003955244505779244,1.0,0.0,False
ttr_E_HDD,0.1221548597914453,0.5192670600773951,0.0653724262414667,1.0,0.0,False
ttr_E_MATTR,0.08211688296239639,0.4781946261465473,-0.055703813779740846,1.0,0.0,False
ttr_E_MSTTR,0.0779598904867377,0.47956375436688936,-0.05470284739299551,1.0,0.0,False
ttr_E_MTLD,0.004104526355410238,0.5031302356949464,0.019327035541887104,1.0,0.0,False
ttr_E_RTTR,0.011391134187192658,0.49367508146646444,-0.003955244505779244,1.0,0.0,False
ttr_E_TTR,0.17330214792039367,0.45050940018143426,-0.11362144928772203,1.0,0.0,False
ttr_E_VOCDD,0.10788399631590694,0.5274803458549786,0.08513597383418622,1.0,0.0,False
ttr_F_CTTR,0.02391918021133598,0.4904393770057275,-0.01282866322322086,1.0,0.0,False
ttr_F_HDD,0.061663607846346793,0.5100434265971652,0.03537200391931954,1.0,0.0,False
ttr_F_MATTR,0.04981643213286967,0.5116841651584119,0.03384256409417476,1.0,0.0,False
ttr_F_MSTTR,0.0506249147251058,0.5125023530278531,0.03530343835805848,1.0,0.0,False
ttr_F_MTLD,0.05642853667316703,0.5183124230898504,0.05127898734514881,1.0,0.0,False
ttr_F_RTTR,0.023919183531904,0.4904393770057275,-0.01282866322322086,1.0,0.0,False
ttr_F_TTR,0.19834596736518778,0.4429554105011606,-0.13177024616977692,1.0,0.0,False
ttr_F_VOCDD,0.05885398068416579,0.5129167564496071,0.04430176526255894,1.0,0.0,False
ttr_IC_CTTR,0.04926658291828802,0.4945933924118639,-0.0453660824625273,1.0,0.0,False
ttr_IC_HDD,,0.5,,0.0,0.0,False
ttr_IC_MATTR,0.05307681910612801,0.4945787726434179,-0.04521329403714234,1.0,0.0,False
ttr_IC_MSTTR,0.05307681910612801,0.4945787726434179,-0.04521329403714234,1.0,0.0,False
ttr_IC_MTLD,0.0024980270006433503,0.4996541677598372,-0.010065075359263962,1.0,0.0,False
ttr_IC_RTTR,0.049266583181414,0.4945933924118639,-0.0453660824625273,1.0,0.0,False
ttr_IC_TTR,0.05307681910612801,0.4945787726434179,-0.04521329403714234,1.0,0.0,False
ttr_IC_VOCDD,,0.5,,0.0,0.0,False
ttr_J_CTTR,0.07606231682858672,0.47748849595223747,-0.045273594246295894,1.0,0.0,False
ttr_J_HDD,0.1634361438952554,0.5404220052083718,0.10774802520678457,1.0,0.0,False
ttr_J_MATTR,0.12973726437016872,0.4668319279745846,-0.09187978173269387,1.0,0.0,False
ttr_J_MSTTR,0.12626703767832964,0.46822081522022585,-0.08926433713377636,1.0,0.0,False
ttr_J_MTLD,0.05112203641383655,0.5194546152227302,0.0474750307098179,1.0,0.0,False
ttr_J_RTTR,0.076062314503697,0.47748849595223747,-0.045273594246295894,1.0,0.0,False
ttr_J_TTR,0.1953157132044607,0.4421029008381253,-0.13187070372290843,1.0,0.0,False
ttr_J_VOCDD,0.1816105877247898,0.5487939840278305,0.11991672363586399,1.0,0.0,False
ttr_MAJ_CTTR,0.012901976461976881,0.5044503068124017,0.014201899982391335,1.0,0.0,False
ttr_MAJ_HDD,,0.5,,0.0,0.0,False
ttr_MAJ_MATTR,0.010468605177166765,0.5029677190213238,0.014780994617211668,1.0,0.0,False
ttr_MAJ_MSTTR,0.010468605177166765,0.5029677190213238,0.014780994617211668,1.0,0.0,False
ttr_MAJ_MTLD,0.011356652824177279,0.4955387845911424,-0.01274580493372076,1.0,0.0,False
ttr_MAJ_RTTR,0.012901976232395846,0.5044503068124017,0.014201899982391335,1.0,0.0,False
ttr_MAJ_TTR,0.010468605177166765,0.5029677190213238,0.014780994617211668,1.0,0.0,False
ttr_MAJ_VOCDD,,0.5,,0.0,0.0,False
ttr_MA_CTTR,0.09761638980291747,0.5285400880397834,0.07381790928298812,1.0,0.0,False
ttr_MA_HDD,0.025990546951544954,0.5005181575613824,0.01174726591420258,1.0,0.0,False
ttr_MA_MATTR,0.048481717676423224,0.5113624624686357,0.026925167443903747,1.0,0.0,False
ttr_MA_MSTTR,0.04840621653569373,0.5113397301922196,0.02688882196365101,1.0,0.0,False
ttr_MA_MTLD,0.07137980857229397,0.5216485648976482,0.057672656778482545,1.0,0.0,False
ttr_MA_RTTR,0.097616391435295,0.5285400880397834,0.07381790928298812,1.0,0.0,False
ttr_MA_TTR,0.04846929351381437,0.5113578916727475,0.026897038949551914,1.0,0.0,False
ttr_MA_VOCDD,0.014940217522487266,0.5002036769447858,0.008440937616380274,1.0,0.0,False
ttr_MM_CTTR,,0.5,,0.0,0.0,False
ttr_MM_HDD,,0.5,,0.0,0.0,False
ttr_MM_MATTR,,0.5,,0.0,0.0,False
ttr_MM_MSTTR,,0.5,,0.0,0.0,False
ttr_MM_MTLD,,0.5,,0.0,0.0,False
ttr_MM_RTTR,,0.5,,0.0,0.0,False
ttr_MM_TTR,,0.5,,0.0,0.0,False
ttr_MM_VOCDD,,0.5,,0.0,0.0,False
ttr_M_CTTR,0.09761638980291747,0.5285400880397834,0.07381790928298812,1.0,0.0,False
ttr_M_HDD,0.025990546951544954,0.5005181575613824,0.01174726591420258,1.0,0.0,False
ttr_M_MATTR,0.048481717676423224,0.5113624624686357,0.026925167443903747,1.0,0.0,False
ttr_M_MSTTR,0.04840621653569373,0.5113397301922196,0.02688882196365101,1.0,0.0,False
ttr_M_MTLD,0.07137980857229397,0.5216485648976482,0.057672656778482545,1.0,0.0,False
ttr_M_RTTR,0.097616391435295,0.5285400880397834,0.07381790928298812,1.0,0.0,False
ttr_M_TTR,0.04846929351381437,0.5113578916727475,0.026897038949551914,1.0,0.0,False
ttr_M_VOCDD,0.014940217522487266,0.5002036769447858,0.008440937616380274,1.0,0.0,False
ttr_NNB_CTTR,0.010171431333085654,0.5008528254746825,0.0007802199618416715,0.0,0.0,False
ttr_NNB_HDD,0.025707802181808608,0.5003539355048653,0.010142792753125322,1.0,0.0,False
ttr_NNB_MATTR,0.13154249509382526,0.46345937077305366,-0.08551856926746401,1.0,0.0,False
ttr_NNB_MSTTR,0.1315466836733131,0.46346240256486626,-0.08550806137705116,1.0,0.0,False
ttr_NNB_MTLD,0.12294259223567805,0.5383839262975847,0.08946388249553532,1.0,0.0,False
ttr_NNB_RTTR,0.010171433110088118,0.5008528254746825,0.0007802199618416715,0.0,0.0,False
ttr_NNB_TTR,0.1315836006895722,0.4634526185659832,-0.08552507867381264,1.0,0.0,False
ttr_NNB_VOCDD,0.013970366487526458,0.500200249233006,0.010525407723422666,1.0,0.0,False
ttr_NNG_CTTR,0.15271890356990916,0.5439086505228435,0.09524482666014214,1.0,0.0,False
ttr_NNG_HDD,0.17755714221368804,0.5486858547414809,0.11221235838466172,1.0,0.0,False
ttr_NNG_MATTR,0.02049815213953692,0.507061660889994,0.0072824090115778325,1.0,0.0,False
ttr_NNG_MSTTR,0.014905420952205154,0.5052495552262816,0.004388027969570748,1.0,0.0,False
ttr_NNG_MTLD,0.06443647195519078,0.524374694171082,0.05214192598351821,1.0,0.0,False
ttr_NNG_RTTR,0.15271890307667677,0.5439086505228435,0.09524482666014214,1.0,0.0,False
ttr_NNG_TTR,0.052287673284590275,0.4857054590098296,-0.032347785765232576,1.0,0.0,False
ttr_NNG_VOCDD,0.14755699826340352,0.5504769027007792,0.1132301059486733,1.0,0.0,False
ttr_NNP_CTTR,0.01206512198497893,0.5017565181921805,0.0012904177096600706,1.0,0.0,False
ttr_NNP_HDD,0.03512324064585183,0.5007440168081552,0.019406621217094428,1.0,0.0,False
ttr_NNP_MATTR,0.007716424429154158,0.4986568037672503,-0.007026250501602487,0.0,0.0,False
ttr_NNP_MSTTR,0.007698327359379652,0.49865990642411545,-0.007021810849805584,0.0,0.0,False
ttr_NNP_MTLD,0.024135082597558446,0.5037853322676216,0.012986080461913047,1.0,0.0,False
ttr_NNP_RTTR,0.012065122514877409,0.5017565181921805,0.0012904177096600706,1.0,0.0,False
ttr_NNP_TTR,0.007748401241954096,0.4986558594133981,-0.007027540190941957,0.0,0.0,False
ttr_NNP_VOCDD,0.04082838634883862,0.5005405694045176,0.02130101335222293,1.0,0.0,False
ttr_NN_CTTR,0.13843459091487878,0.5399305237176334,0.08634104401198638,1.0,0.0,False
ttr_NN_HDD,0.15072195776260555,0.5398414879413068,0.09809177116537142,1.0,0.0,False
ttr_NN_MATTR,0.022979277836858082,0.5072335733452554,0.00743003942988586,1.0,0.0,False
ttr_NN_MSTTR,0.0191085450640004,0.5061670589263001,0.0056257880327901825,1.0,0.0,False
ttr_NN_MTLD,0.05713480942034495,0.5216331733163475,0.04728158359279771,1.0,0.0,False
ttr_NN_RTTR,0.13843459197578023,0.5399305237176334,0.08634104401198638,1.0,0.0,False
ttr_NN_TTR,0.08261462430022883,0.4767633338696894,-0.052438260308242154,1.0,0.0,False
ttr_NN_VOCDD,0.13444766201606304,0.547145200742577,0.11136238200342508,1.0,0.0,False
ttr_NP_CTTR,0.04065582823104162,0.5100390730180684,0.019625512783107892,1.0,0.0,False
ttr_NP_HDD,0.004031658690823822,0.5000213180564548,0.005242446338864044,1.0,0.0,False
ttr_NP_MATTR,0.027343480699175447,0.5081957328121807,-0.0040920381166206195,1.0,0.0,False
ttr_NP_MSTTR,0.0273590057738291,0.5081995009843217,-0.004086716270815745,1.0,0.0,False
ttr_NP_MTLD,0.02590330231327828,0.506665754787495,0.03265891742233719,1.0,0.0,False
ttr_NP_RTTR,0.04065583128186716,0.5100390730180684,0.019625512783107892,1.0,0.0,False
ttr_NP_TTR,0.02732990706571619,0.5081930584267199,-0.004096271728496137,1.0,0.0,False
ttr_NP_VOCDD,0.0053931690580189704,0.5000071080728777,0.005274872790518539,1.0,0.0,False
ttr_NR_CTTR,0.06674603292544726,0.5144697455892853,0.028877560702309898,1.0,0.0,False
ttr_NR_HDD,,0.5,,0.0,0.0,False
ttr_NR_MATTR,0.05205078457551962,0.5123439126352957,0.026375225528815587,1.0,0.0,False
ttr_NR_MSTTR,0.05205078457551962,0.5123439126352957,0.026375225528815587,1.0,0.0,False
ttr_NR_MTLD,0.03624461243931102,0.5034933358997573,0.015124395045976307,1.0,0.0,False
ttr_NR_RTTR,0.06674603168713293,0.5144697455892853,0.028877560702309898,1.0,0.0,False
ttr_NR_TTR,0.05205078457551962,0.5123439126352957,0.026375225528815587,1.0,0.0,False
ttr_NR_VOCDD,,0.5,,0.0,0.0,False
ttr_N_CTTR,0.14196518194361488,0.5408485558244566,0.08635987498258964,1.0,0.0,False
ttr_N_HDD,0.14356074436635685,0.5386503280571282,0.09201599013801362,1.0,0.0,False
ttr_N_MATTR,0.04026514944587031,0.511888689402739,0.014344835675076011,1.0,0.0,False
ttr_N_MSTTR,0.03986031846228509,0.5119096716204666,0.014320720384059887,1.0,0.0,False
ttr_N_MTLD,0.06365645885737335,0.5236377869763492,0.04559692334270191,1.0,0.0,False
ttr_N_RTTR,0.14196518372727351,0.5408485558244566,0.08635987498258964,1.0,0.0,False
ttr_N_TTR,0.0717372325426002,0.4795032448552958,-0.05208955422704133,1.0,0.0,False
ttr_N_VOCDD,0.13236076758516327,0.5445087357876749,0.10695987070726476,1.0,0.0,False
ttr_VA_CTTR,0.12185955448348083,0.534303291653344,0.08044350610608157,1.0,0.0,False
ttr_VA_HDD,0.026340643157062082,0.5007392857956264,0.010562875653339864,1.0,0.0,False
ttr_VA_MATTR,0.03091965033281356,0.49048049722273085,-0.020037363054627947,1.0,0.0,False
ttr_VA_MSTTR,0.030885515659791633,0.49048077298021786,-0.020046463633759972,1.0,0.0,False
ttr_VA_MTLD,0.0648760794686212,0.5230460375984581,0.06582703484095072,1.0,0.0,False
ttr_VA_RTTR,0.12185955440848688,0.534303291653344,0.08044350610608157,1.0,0.0,False
ttr_VA_TTR,0.031073686784850108,0.4904396620064822,-0.020128098626720426,1.0,0.0,False
ttr_VA_VOCDD,0.010979054611752886,0.5003464238092971,0.013005961562450525,1.0,0.0,False
ttr_VV_CTTR,0.17908621929915228,0.5503358858678767,0.11837194459803803,1.0,0.0,False
ttr_VV_HDD,0.1456503258565708,0.5334161243579871,0.07940730102297168,1.0,0.0,False
ttr_VV_MATTR,0.0011894885893231361,0.5026046665733959,-0.0012501486675708091,1.0,0.0,False
ttr_VV_MSTTR,0.0015857364217491722,0.5027257040831186,-0.0012243936600502456,1.0,0.0,False
ttr_VV_MTLD,0.10944161124590107,0.5364667185177013,0.08429556313530973,1.0,0.0,False
ttr_VV_RTTR,0.17908621952152579,0.5503358858678767,0.11837194459803803,1.0,0.0,False
ttr_VV_TTR,0.004868736521155795,0.5007636664547863,-0.005457693746588302,1.0,0.0,False
ttr_VV_VOCDD,0.09933249825133758,0.5141843026982356,0.0481326584276487,1.0,0.0,False
ttr_V_CTTR,0.1763579211755994,0.5493823395859233,0.11508905880606483,1.0,0.0,False
ttr_V_HDD,0.16875146353585463,0.5459841862355271,0.11950914082073769,1.0,0.0,False
ttr_V_MATTR,0.047973834575804376,0.513662267586044,0.022101121982822037,1.0,0.0,False
ttr_V_MSTTR,0.04003373147171631,0.5121094756360772,0.01655497467276645,1.0,0.0,False
ttr_V_MTLD,0.09062908574916187,0.5311560914810397,0.07355459669690544,1.0,0.0,False
ttr_V_RTTR,0.17635792491399696,0.5493823395859233,0.11508905880606483,1.0,0.0,False
ttr_V_TTR,0.031058669401983752,0.49104957132435667,-0.030248704525494455,1.0,0.0,False
ttr_V_VOCDD,0.17345111513267908,0.5505727322788811,0.12703416542040208,1.0,0.0,False
ttr_X_CTTR,0.06408824436873749,0.5167974068345165,0.03286042720332961,1.0,0.0,False
ttr_X_HDD,0.016736026327464047,0.5002107927203869,0.009776555510711112,1.0,0.0,False
ttr_X_MATTR,0.06294807321336077,0.48433656957390353,-0.04207736285718906,1.0,0.0,False
ttr_X_MSTTR,0.06294560856762607,0.4843365403035558,-0.042074745053546136,1.0,0.0,False
ttr_X_MTLD,0.13874698899587068,0.5445395574638918,0.10664453135121273,1.0,0.0,False
ttr_X_RTTR,0.0640882460818686,0.5167974068345165,0.03286042720332961,1.0,0.0,False
ttr_X_TTR,0.06297351014194631,0.48432725390058495,-0.042086666962188025,1.0,0.0,False
ttr_X_VOCDD,0.013432904987014686,0.5000355465265673,0.0026258687960500075,0.0,0.0,False
ttr_lemma_CTTR,0.15571166715741064,0.5446267861813788,0.10025662859299353,1.0,0.0,False
ttr_lemma_Cnt,0.20101581638271585,0.5602565587886122,0.13979352621299504,1.0,0.0,False
ttr_lemma_HDD,0.09714253029028898,0.526593616074294,0.060609795865425684,1.0,0.0,False
ttr_lemma_MATTR,0.10896874849531626,0.5282474739135267,0.06928567105755215,1.0,0.0,False
ttr_lemma_MSTTR,0.1078869333675986,0.5288995802890939,0.06897057223154149,1.0,0.0,False
ttr_lemma_MTLD,0.10500022428911884,0.530644137692843,0.07114260903949307,1.0,0.0,False
ttr_lemma_RTTR,0.15571166725844257,0.5446267769381111,0.10025661949459835,1.0,0.0,False
ttr_lemma_TTR,0.13840671674093868,0.45998794757997447,-0.100951761966706,1.0,0.0,False
ttr_lemma_VOCDD,0.08920732313638342,0.5265428951832173,0.060746833861420234,1.0,0.0,False
